id_penerbit;nama_penerbit;tempat_penerbit
PE001;Absolute Media;Informasi tidak tersedia
PE001;Absolute Media;Informasi tidak tersedia
PE002;Addison-Wesley Professional;Informasi tidak tersedia
PE003;Ahlimedia Book;Informasi tidak tersedia
PE003;Ahlimedia Book;Informasi tidak tersedia
PE003;Ahlimedia Book;Informasi tidak tersedia
PE003;Ahlimedia Book;Informasi tidak tersedia
PE004;Alton Danks;Informasi tidak tersedia
PE005;Amsterdam University Press;Informasi tidak tersedia
PE005;Amsterdam University Press;Informasi tidak tersedia
PE005;Amsterdam University Press;Informasi tidak tersedia
PE005;Amsterdam University Press;Informasi tidak tersedia
PE005;Amsterdam University Press;Informasi tidak tersedia
PE006;Anak Hebat Indonesia;Informasi tidak tersedia
PE006;Anak Hebat Indonesia;Informasi tidak tersedia
PE006;Anak Hebat Indonesia;Informasi tidak tersedia
PE007;Araska Publisher;Informasi tidak tersedia
PE007;Araska Publisher;Informasi tidak tersedia
PE008;Ar-Raniry Press;Informasi tidak tersedia
PE009;Aspen Publishing;Informasi tidak tersedia
PE010;AWI Technology Press;Informasi tidak tersedia
PE011;Bappeda Litbang Kabupaten Banyuasin;Informasi tidak tersedia
PE012;BASABASI;Informasi tidak tersedia
PE012;BASABASI;Informasi tidak tersedia
PE012;BASABASI;Informasi tidak tersedia
PE012;BASABASI;Informasi tidak tersedia
PE013;BASWARA PRESS;Informasi tidak tersedia
PE014;Bhuana Ilmu Populer;Informasi tidak tersedia
PE015;Bibliographical Series;Informasi tidak tersedia
PE016;BPK Gunung Mulia;Informasi tidak tersedia
PE017;Brill;Informasi tidak tersedia
PE017;Brill;Informasi tidak tersedia
PE017;Brill;Informasi tidak tersedia
PE018;Buku Edukasi;Informasi tidak tersedia
PE019;Buku&Artikel Karya Iskandar Putong;Informasi tidak tersedia
PE020;Bukunesia;Informasi tidak tersedia
PE021;Bumi Aksara;Informasi tidak tersedia
PE022;Bumi Medika;Informasi tidak tersedia
PE023;Cendikia Mulia Mandiri;Informasi tidak tersedia
PE024;Chamal Hamid;Informasi tidak tersedia
PE025;Createspace Independent Publishing Platform;Informasi tidak tersedia
PE026;CV Jejak (Jejak Publisher);Informasi tidak tersedia
PE027;CV. AZKA PUSTAKA;Informasi tidak tersedia
PE027;CV. AZKA PUSTAKA;Informasi tidak tersedia
PE028;CV. Bintang Semesta Media;Informasi tidak tersedia
PE029;CV. DOTPLUS Publisher;Informasi tidak tersedia
PE030;CV. Intelektual Manifes Media;Informasi tidak tersedia
PE031;CV. Pilar Nusantara;Informasi tidak tersedia
PE032;CV. Social Politic Genius (SIGn);Informasi tidak tersedia
PE033;Deepublish;Informasi tidak tersedia
PE033;Deepublish;Informasi tidak tersedia
PE033;Deepublish;Informasi tidak tersedia
PE033;Deepublish;Informasi tidak tersedia
PE033;Deepublish;Informasi tidak tersedia
PE033;Deepublish;Informasi tidak tersedia
PE033;Deepublish;Informasi tidak tersedia
PE033;Deepublish;Informasi tidak tersedia
PE033;Deepublish;Informasi tidak tersedia
PE033;Deepublish;Informasi tidak tersedia
PE033;Deepublish;Informasi tidak tersedia
PE033;Deepublish;Informasi tidak tersedia
PE033;Deepublish;Informasi tidak tersedia
PE033;Deepublish;Informasi tidak tersedia
PE033;Deepublish;Informasi tidak tersedia
PE034;DigiCat;Informasi tidak tersedia
PE035;Direktorat Jenderal Kebudayaan;Informasi tidak tersedia
PE036;DIVA PRESS;Informasi tidak tersedia
PE037;EDU PUBLISHER;Informasi tidak tersedia
PE038;EGC;Informasi tidak tersedia
PE039;Elex Media Komputindo;Informasi tidak tersedia
PE039;Elex Media Komputindo;Informasi tidak tersedia
PE039;Elex Media Komputindo;Informasi tidak tersedia
PE039;Elex Media Komputindo;Informasi tidak tersedia
PE039;Elex Media Komputindo;Informasi tidak tersedia
PE039;Elex Media komputindo;Informasi tidak tersedia
PE039;Elex Media Komputindo;Informasi tidak tersedia
PE039;Elex Media Komputindo;Informasi tidak tersedia
PE039;Elex Media Komputindo;Informasi tidak tersedia
PE039;Elex Media Komputindo;Informasi tidak tersedia
PE039;Elex Media Komputindo;Informasi tidak tersedia
PE039;Elex Media Komputindo;Informasi tidak tersedia
PE039;Elex Media Komputindo;Informasi tidak tersedia
PE040;Equinox Publishing;Informasi tidak tersedia
PE041;Erlangga;Informasi tidak tersedia
PE042;European Alliance for Innovation;Informasi tidak tersedia
PE043;Fakultas Kehutanan, Universitas Hasanuddin;Informasi tidak tersedia
PE044;Fakultas Ushuluddin UIN Sunan Gunung Djati Bandung;Informasi tidak tersedia
PE045;Feniks Muda Sejahtera;Informasi tidak tersedia
PE046;Forgotten Books;Informasi tidak tersedia
PE047;Gema Insani;Informasi tidak tersedia
PE048;Gen Mirqat;Informasi tidak tersedia
PE049;Genta Smart Publisher;Informasi tidak tersedia
PE050;Gerakbudaya;Informasi tidak tersedia
PE051;Gilad James Mystery School;Informasi tidak tersedia
PE052;Gramedia Pustaka Utama;Informasi tidak tersedia
PE052;Gramedia Pustaka Utama;Informasi tidak tersedia
PE052;Gramedia Pustaka Utama;Informasi tidak tersedia
PE052;Gramedia Pustaka Utama;Informasi tidak tersedia
PE052;Gramedia Pustaka Utama;Informasi tidak tersedia
PE052;Gramedia Pustaka Utama;Informasi tidak tersedia
PE053;Gramedia Widiasarana Indonesia;Informasi tidak tersedia
PE053;Gramedia Widiasarana Indonesia;Informasi tidak tersedia
PE054;Grasindo;Informasi tidak tersedia
PE054;Grasindo;Informasi tidak tersedia
PE054;Grasindo;Informasi tidak tersedia
PE054;Grasindo;Informasi tidak tersedia
PE054;Grasindo;Informasi tidak tersedia
PE055;Greenwood;Informasi tidak tersedia
PE056;GUEPEDIA;Informasi tidak tersedia
PE056;GUEPEDIA;Informasi tidak tersedia
PE056;GUEPEDIA;Informasi tidak tersedia
PE056;GUEPEDIA;Informasi tidak tersedia
PE056;GUEPEDIA;Informasi tidak tersedia
PE056;Guepedia;Informasi tidak tersedia
PE056;GUEPEDIA;Informasi tidak tersedia
PE056;GUEPEDIA;Informasi tidak tersedia
PE056;GUEPEDIA;Informasi tidak tersedia
PE056;GUEPEDIA;Informasi tidak tersedia
PE056;GUEPEDIA;Informasi tidak tersedia
PE056;Guepedia;Informasi tidak tersedia
PE057;Hendrik  Lim;Informasi tidak tersedia
PE058;Indonesia Emas Group;Informasi tidak tersedia
PE059;Indragiri TM;Informasi tidak tersedia
PE060;Intera;Informasi tidak tersedia
PE061;IRCISOD;Informasi tidak tersedia
PE061;IRCISOD;Informasi tidak tersedia
PE062;IslamHouse.com;Informasi tidak tersedia
PE063;J.M. Meulenhoff;Informasi tidak tersedia
PE064;Jakad Media Publishing;Informasi tidak tersedia
PE064;Jakad Media Publishing;Informasi tidak tersedia
PE064;Jakad Media Publishing;Informasi tidak tersedia
PE064;Jakad Media Publishing;Informasi tidak tersedia
PE065;Jejak Pustaka;Informasi tidak tersedia
PE066;John Wiley & Sons;Informasi tidak tersedia
PE066;John Wiley & Sons;Informasi tidak tersedia
PE066;John Wiley & Sons;Informasi tidak tersedia
PE067;Juneman SPsi;Informasi tidak tersedia
PE068;Kalam Hanan;Informasi tidak tersedia
PE069;Kanisius;Informasi tidak tersedia
PE070;Kencana;Informasi tidak tersedia
PE070;Kencana;Informasi tidak tersedia
PE070;Kencana;Informasi tidak tersedia
PE070;Kencana;Informasi tidak tersedia
PE071;Kepustakaan Populer Gramedia;Informasi tidak tersedia
PE071;Kepustakaan Populer Gramedia;Informasi tidak tersedia
PE071;Kepustakaan Populer Gramedia;Informasi tidak tersedia
PE071;Kepustakaan Populer Gramedia;Informasi tidak tersedia
PE071;Kepustakaan Populer Gramedia;Informasi tidak tersedia
PE071;Kepustakaan Populer Gramedia;Informasi tidak tersedia
PE072;K-Media;Informasi tidak tersedia
PE073;Kreatif;Informasi tidak tersedia
PE073;Kubu Buku;Informasi tidak tersedia
PE074;Kubu Buku;Informasi tidak tersedia
PE075;LABIRIN;Informasi tidak tersedia
PE076;Lannoo Meulenhoff - Belgium;Informasi tidak tersedia
PE077;Lembaga Penerbit Kampus IAIN Palopo;Informasi tidak tersedia
PE078;Lentera Hati;Informasi tidak tersedia
PE079;Leonard S. Johnson;Informasi tidak tersedia
PE080;LintasKata;Informasi tidak tersedia
PE081;LKIS PELANGI AKSARA;Informasi tidak tersedia
PE081;LKIS PELANGI AKSARA;Informasi tidak tersedia
PE082;London School;Informasi tidak tersedia
PE083;LP2M UIN Sunan Gunung Djati Bandung;Informasi tidak tersedia
PE084;LPPM Universitas KH. A. Wahab Hasbullah;Informasi tidak tersedia
PE085;Lulu.com;Informasi tidak tersedia
PE086;Mafy Media Literasi Indonesia;Informasi tidak tersedia
PE087;Magnum Pustaka;Informasi tidak tersedia
PE088;Mahakarya Citra Utama Group;Informasi tidak tersedia
PE089;Maklu;Informasi tidak tersedia
PE090;Marshall Cavendish Academic;Informasi tidak tersedia
PE091;Mawahib;Informasi tidak tersedia
PE092;Media Nusa Creative (MNC Publishing);Informasi tidak tersedia
PE092;Media Nusa Creative (MNC Publishing);Informasi tidak tersedia
PE093;Mengintip Nusantara;Informasi tidak tersedia
PE094;Merdeka Kreasi Group;Informasi tidak tersedia
PE094;Merdeka Kreasi Group;Informasi tidak tersedia
PE095;Miladil Fitra;Informasi tidak tersedia
PE096;Muhammadiyah University Press;Informasi tidak tersedia
PE096;Muhammadiyah University Press;Informasi tidak tersedia
PE096;Muhammadiyah University Press;Informasi tidak tersedia
PE096;Muhammadiyah University Press;Informasi tidak tersedia
PE096;Nas Media Pustaka;Informasi tidak tersedia
PE096;Nas Media Pustaka;Informasi tidak tersedia
PE096;Nas Media Pustaka;Informasi tidak tersedia
PE096;Nilacakra;Informasi tidak tersedia
PE096;Nusamedia;Informasi tidak tersedia
PE096;Nusamedia;Informasi tidak tersedia
PE096;Nusamedia;Informasi tidak tersedia
PE096;Nusamedia;Informasi tidak tersedia
PE097;Oasis Press;Informasi tidak tersedia
PE098;Olympus;Informasi tidak tersedia
PE099;One-Tap Online Services;Informasi tidak tersedia
PE100;Overamstel Uitgevers;Informasi tidak tersedia
PE101;Oxford University Press, USA;Informasi tidak tersedia
PE102;Pascal Books;Informasi tidak tersedia
PE103;PBMR ANDI;Informasi tidak tersedia
PE103;PBMR ANDI;Informasi tidak tersedia
PE103;PBMR ANDI;Informasi tidak tersedia
PE103;Pena Kreativa;Informasi tidak tersedia
PE103;Penerbit Adab;Informasi tidak tersedia
PE103;Penerbit Adab;Informasi tidak tersedia
PE103;Penerbit Adab;Informasi tidak tersedia
PE103;Penerbit Andi;Informasi tidak tersedia
PE103;Penerbit Andi;Informasi tidak tersedia
PE103;Penerbit Andi;Informasi tidak tersedia
PE103;Penerbit Andi;Informasi tidak tersedia
PE103;Penerbit Andi;Informasi tidak tersedia
PE103;Penerbit Andi;Informasi tidak tersedia
PE103;Penerbit Andi;Informasi tidak tersedia
PE103;Penerbit Andi;Informasi tidak tersedia
PE103;Penerbit Andi;Informasi tidak tersedia
PE103;Penerbit Andi;Informasi tidak tersedia
PE103;Penerbit Andi;Informasi tidak tersedia
PE104;Penerbit BRIN;Informasi tidak tersedia
PE105;Penerbit Buku Kompas;Informasi tidak tersedia
PE105;Penerbit Buku Kompas;Informasi tidak tersedia
PE106;Penerbit CV. SARNU UNTUNG;Informasi tidak tersedia
PE106;Penerbit CV. SARNU UNTUNG;Informasi tidak tersedia
PE107;Penerbit Duta;Informasi tidak tersedia
PE108;Penerbit Insania;Informasi tidak tersedia
PE109;Penerbit K-Media;Informasi tidak tersedia
PE109;Penerbit K-Media;Informasi tidak tersedia
PE109;Penerbit K-Media;Informasi tidak tersedia
PE109;Penerbit Narasi;Informasi tidak tersedia
PE110;Penerbit NEM;Informasi tidak tersedia
PE110;Penerbit NEM;Informasi tidak tersedia
PE110;Penerbit NEM;Informasi tidak tersedia
PE110;Penerbit NEM;Informasi tidak tersedia
PE110;Penerbit NEM;Informasi tidak tersedia
PE111;Penerbit Peneleh;Informasi tidak tersedia
PE112;Penerbit Pustaka Rumah Cinta;Informasi tidak tersedia
PE113;Penerbit tidak tersedia;Informasi tidak tersedia
PE114;Penerbit tidak tersedia;Informasi tidak tersedia
PE115;Penerbit tidak tersedia;Informasi tidak tersedia
PE116;Penerbit tidak tersedia;Informasi tidak tersedia
PE117;Penerbit tidak tersedia;Informasi tidak tersedia
PE118;Penerbit tidak tersedia;Informasi tidak tersedia
PE119;Penerbit tidak tersedia;Informasi tidak tersedia
PE120;Penerbit tidak tersedia;Informasi tidak tersedia
PE121;Penerbit tidak tersedia;Informasi tidak tersedia
PE122;Penerbit tidak tersedia;Informasi tidak tersedia
PE123;Penerbit tidak tersedia;Informasi tidak tersedia
PE124;Penerbit tidak tersedia;Informasi tidak tersedia
PE125;Penerbit tidak tersedia;Informasi tidak tersedia
PE126;Penerbit tidak tersedia;Informasi tidak tersedia
PE127;Penerbit tidak tersedia;Informasi tidak tersedia
PE128;Penerbit tidak tersedia;Informasi tidak tersedia
PE129;Penerbit tidak tersedia;Informasi tidak tersedia
PE130;Penerbit tidak tersedia;Informasi tidak tersedia
PE131;Penerbit tidak tersedia;Informasi tidak tersedia
PE132;Penerbit tidak tersedia;Informasi tidak tersedia
PE133;Penerbit tidak tersedia;Informasi tidak tersedia
PE134;Penerbit tidak tersedia;Informasi tidak tersedia
PE135;Penerbit tidak tersedia;Informasi tidak tersedia
PE136;Penerbit tidak tersedia;Informasi tidak tersedia
PE137;Penerbit tidak tersedia;Informasi tidak tersedia
PE138;Penerbit tidak tersedia;Informasi tidak tersedia
PE139;Penerbit tidak tersedia;Informasi tidak tersedia
PE140;Penerbit tidak tersedia;Informasi tidak tersedia
PE141;Penerbit tidak tersedia;Informasi tidak tersedia
PE142;Penerbit tidak tersedia;Informasi tidak tersedia
PE143;Penerbit tidak tersedia;Informasi tidak tersedia
PE144;Penerbit tidak tersedia;Informasi tidak tersedia
PE145;Penerbit tidak tersedia;Informasi tidak tersedia
PE146;Penerbit tidak tersedia;Informasi tidak tersedia
PE147;Penerbit tidak tersedia;Informasi tidak tersedia
PE148;Penerbit tidak tersedia;Informasi tidak tersedia
PE149;Penerbit tidak tersedia;Informasi tidak tersedia
PE150;Penerbit tidak tersedia;Informasi tidak tersedia
PE151;Penerbit tidak tersedia;Informasi tidak tersedia
PE152;Penerbit tidak tersedia;Informasi tidak tersedia
PE153;Penerbit tidak tersedia;Informasi tidak tersedia
PE154;Penerbit tidak tersedia;Informasi tidak tersedia
PE155;Penerbit tidak tersedia;Informasi tidak tersedia
PE156;Penerbit tidak tersedia;Informasi tidak tersedia
PE157;Penerbit tidak tersedia;Informasi tidak tersedia
PE158;Penerbit tidak tersedia;Informasi tidak tersedia
PE159;Penerbit tidak tersedia;Informasi tidak tersedia
PE160;Penerbit tidak tersedia;Informasi tidak tersedia
PE161;Penerbit tidak tersedia;Informasi tidak tersedia
PE162;Penerbit tidak tersedia;Informasi tidak tersedia
PE163;Penerbit tidak tersedia;Informasi tidak tersedia
PE164;Penerbit tidak tersedia;Informasi tidak tersedia
PE165;Penerbit tidak tersedia;Informasi tidak tersedia
PE166;Penerbit tidak tersedia;Informasi tidak tersedia
PE167;Penerbit tidak tersedia;Informasi tidak tersedia
PE168;Penerbit tidak tersedia;Informasi tidak tersedia
PE169;Penerbit tidak tersedia;Informasi tidak tersedia
PE170;Penerbit tidak tersedia;Informasi tidak tersedia
PE171;Penerbit tidak tersedia;Informasi tidak tersedia
PE172;Penerbit tidak tersedia;Informasi tidak tersedia
PE173;Penerbit tidak tersedia;Informasi tidak tersedia
PE174;Penerbit tidak tersedia;Informasi tidak tersedia
PE175;Penerbit tidak tersedia;Informasi tidak tersedia
PE176;Penerbit tidak tersedia;Informasi tidak tersedia
PE177;Penerbit tidak tersedia;Informasi tidak tersedia
PE178;Penerbit tidak tersedia;Informasi tidak tersedia
PE179;Penerbit tidak tersedia;Informasi tidak tersedia
PE180;Penerbit tidak tersedia;Informasi tidak tersedia
PE181;Penerbit tidak tersedia;Informasi tidak tersedia
PE182;Penerbit tidak tersedia;Informasi tidak tersedia
PE183;Penerbit tidak tersedia;Informasi tidak tersedia
PE184;Penerbit tidak tersedia;Informasi tidak tersedia
PE185;Penerbit tidak tersedia;Informasi tidak tersedia
PE186;Penerbit tidak tersedia;Informasi tidak tersedia
PE187;Penerbit tidak tersedia;Informasi tidak tersedia
PE188;Penerbit tidak tersedia;Informasi tidak tersedia
PE189;Penerbit tidak tersedia;Informasi tidak tersedia
PE190;Penerbit tidak tersedia;Informasi tidak tersedia
PE191;Penerbit tidak tersedia;Informasi tidak tersedia
PE192;Penerbit tidak tersedia;Informasi tidak tersedia
PE193;Penerbit tidak tersedia;Informasi tidak tersedia
PE194;Penerbit tidak tersedia;Informasi tidak tersedia
PE195;Penerbit tidak tersedia;Informasi tidak tersedia
PE196;Penerbit tidak tersedia;Informasi tidak tersedia
PE197;Penerbit tidak tersedia;Informasi tidak tersedia
PE198;Penerbit tidak tersedia;Informasi tidak tersedia
PE199;Penerbit tidak tersedia;Informasi tidak tersedia
PE200;Penerbit tidak tersedia;Informasi tidak tersedia
PE201;Penerbit tidak tersedia;Informasi tidak tersedia
PE202;Penerbit tidak tersedia;Informasi tidak tersedia
PE203;Penerbit tidak tersedia;Informasi tidak tersedia
PE204;Penerbit tidak tersedia;Informasi tidak tersedia
PE205;Penerbit tidak tersedia;Informasi tidak tersedia
PE206;Penerbit tidak tersedia;Informasi tidak tersedia
PE207;Penerbit tidak tersedia;Informasi tidak tersedia
PE208;Penerbit tidak tersedia;Informasi tidak tersedia
PE209;Penerbit tidak tersedia;Informasi tidak tersedia
PE210;Penerbit tidak tersedia;Informasi tidak tersedia
PE211;Penerbit tidak tersedia;Informasi tidak tersedia
PE212;Penerbit tidak tersedia;Informasi tidak tersedia
PE213;Penerbit tidak tersedia;Informasi tidak tersedia
PE214;Penerbit tidak tersedia;Informasi tidak tersedia
PE215;Penerbit tidak tersedia;Informasi tidak tersedia
PE216;Penerbit tidak tersedia;Informasi tidak tersedia
PE217;Penerbit tidak tersedia;Informasi tidak tersedia
PE218;Penerbit tidak tersedia;Informasi tidak tersedia
PE219;Penerbit tidak tersedia;Informasi tidak tersedia
PE220;Penerbit tidak tersedia;Informasi tidak tersedia
PE221;Penerbit tidak tersedia;Informasi tidak tersedia
PE222;Penerbit tidak tersedia;Informasi tidak tersedia
PE223;Penerbit tidak tersedia;Informasi tidak tersedia
PE224;Penerbit tidak tersedia;Informasi tidak tersedia
PE225;Penerbit tidak tersedia;Informasi tidak tersedia
PE226;Penerbit tidak tersedia;Informasi tidak tersedia
PE227;Penerbit tidak tersedia;Informasi tidak tersedia
PE228;Penerbit tidak tersedia;Informasi tidak tersedia
PE229;Penerbit tidak tersedia;Informasi tidak tersedia
PE230;Penerbit tidak tersedia;Informasi tidak tersedia
PE231;Penerbit tidak tersedia;Informasi tidak tersedia
PE232;Penerbit tidak tersedia;Informasi tidak tersedia
PE233;Penerbit tidak tersedia;Informasi tidak tersedia
PE234;Penerbit tidak tersedia;Informasi tidak tersedia
PE235;Penerbit tidak tersedia;Informasi tidak tersedia
PE236;Penerbit tidak tersedia;Informasi tidak tersedia
PE237;Penerbit tidak tersedia;Informasi tidak tersedia
PE238;Penerbit tidak tersedia;Informasi tidak tersedia
PE239;Penerbit tidak tersedia;Informasi tidak tersedia
PE240;Penerbit tidak tersedia;Informasi tidak tersedia
PE241;Penerbit tidak tersedia;Informasi tidak tersedia
PE242;Penerbit tidak tersedia;Informasi tidak tersedia
PE243;Penerbit tidak tersedia;Informasi tidak tersedia
PE244;Penerbit tidak tersedia;Informasi tidak tersedia
PE245;Penerbit tidak tersedia;Informasi tidak tersedia
PE246;Penerbit tidak tersedia;Informasi tidak tersedia
PE247;Penerbit tidak tersedia;Informasi tidak tersedia
PE248;Penerbit tidak tersedia;Informasi tidak tersedia
PE249;Penerbit tidak tersedia;Informasi tidak tersedia
PE250;Penerbit tidak tersedia;Informasi tidak tersedia
PE251;Penerbit tidak tersedia;Informasi tidak tersedia
PE252;Penerbit tidak tersedia;Informasi tidak tersedia
PE253;Penerbit tidak tersedia;Informasi tidak tersedia
PE254;Penerbit tidak tersedia;Informasi tidak tersedia
PE255;Penerbit tidak tersedia;Informasi tidak tersedia
PE256;Penerbit tidak tersedia;Informasi tidak tersedia
PE257;Penerbit tidak tersedia;Informasi tidak tersedia
PE258;Penerbit tidak tersedia;Informasi tidak tersedia
PE259;Penerbit tidak tersedia;Informasi tidak tersedia
PE260;Penerbit tidak tersedia;Informasi tidak tersedia
PE261;Penerbit tidak tersedia;Informasi tidak tersedia
PE262;Penerbit tidak tersedia;Informasi tidak tersedia
PE263;Penerbit tidak tersedia;Informasi tidak tersedia
PE264;Penerbit Unika Atma Jaya Jakarta;Informasi tidak tersedia
PE265;Perkumpulan Rumah Cemerlang Indonesia;Informasi tidak tersedia
PE266;Pinang;Informasi tidak tersedia
PE266;Pinang;Informasi tidak tersedia
PE267;Pradina Pustaka;Informasi tidak tersedia
PE267;Pradina Pustaka;Informasi tidak tersedia
PE268;Prasetiya Mulya Publishing ;Informasi tidak tersedia
PE269;Prenada Media;Informasi tidak tersedia
PE269;Prenada Media;Informasi tidak tersedia
PE269;Prenada Media;Informasi tidak tersedia
PE269;Prenada Media;Informasi tidak tersedia
PE269;Prenada Media;Informasi tidak tersedia
PE269;Prenada Media;Informasi tidak tersedia
PE269;Prenada Media;Informasi tidak tersedia
PE269;Prenada Media;Informasi tidak tersedia
PE269;Prenada Media;Informasi tidak tersedia
PE269;Prenada Media;Informasi tidak tersedia
PE269;Prenada Media;Informasi tidak tersedia
PE269;Prenada Media;Informasi tidak tersedia
PE269;Prenada Media;Informasi tidak tersedia
PE269;Prenada Media;Informasi tidak tersedia
PE270;PT Balai Pustaka (Persero);Informasi tidak tersedia
PE270;PT Balai Pustaka (Persero);Informasi tidak tersedia
PE270;PT Balai Pustaka (Persero);Informasi tidak tersedia
PE271;PT Grafindo Media Pratama;Informasi tidak tersedia
PE272;PT Kanisius;Informasi tidak tersedia
PE272;PT Kanisius;Informasi tidak tersedia
PE273;PT Sahabat Alter Indonesia;Informasi tidak tersedia
PE274;PT. MAHONI GLOBAL;Informasi tidak tersedia
PE274;PT. MAHONI GLOBAL;Informasi tidak tersedia
PE274;PT. MAHONI GLOBAL;Informasi tidak tersedia
PE274;PT. MAHONI GLOBAL;Informasi tidak tersedia
PE275;PT. RajaGrafindo Persada;Informasi tidak tersedia
PE275;PT. RajaGrafindo Persada;Informasi tidak tersedia
PE276;PT. RajaGrafindo Persada - Rajawali Pers;Informasi tidak tersedia
PE276;PT. RajaGrafindo Persada - Rajawali Pers;Informasi tidak tersedia
PE277;PT. Sonpedia Publishing Indonesia;Informasi tidak tersedia
PE277;PT. Sonpedia Publishing Indonesia;Informasi tidak tersedia
PE277;PT. Sonpedia Publishing Indonesia;Informasi tidak tersedia
PE277;PT. Sonpedia Publishing Indonesia;Informasi tidak tersedia
PE277;PT. Sonpedia Publishing Indonesia;Informasi tidak tersedia
PE277;PT. Sonpedia Publishing Indonesia;Informasi tidak tersedia
PE278;Publica Indonesia Utama;Informasi tidak tersedia
PE278;Publica Indonesia Utama;Informasi tidak tersedia
PE279;Pusat Penelitian Dan Penerbitan Lembaga Penelitian Dan Pengabdian Kepada Masyarakat;Informasi tidak tersedia
PE280;Pustaka Al-Kautsar;Informasi tidak tersedia
PE280;Pustaka Al-Kautsar;Informasi tidak tersedia
PE281;Pustaka Alvabet;Informasi tidak tersedia
PE281;Pustaka Alvabet;Informasi tidak tersedia
PE282;Pustaka Hudaya;Informasi tidak tersedia
PE283;Random House;Informasi tidak tersedia
PE284;Routledge;Informasi tidak tersedia
PE285;Sada Kurnia Pustaka;Informasi tidak tersedia
PE285;Sada Kurnia Pustaka;Informasi tidak tersedia
PE285;Sada Kurnia Pustaka;Informasi tidak tersedia
PE285;Sada Kurnia Pustaka;Informasi tidak tersedia
PE286;Samudra Biru;Informasi tidak tersedia
PE287;Sanata Dharma University Press;Informasi tidak tersedia
PE287;Sanata Dharma University Press;Informasi tidak tersedia
PE287;Sanata Dharma University Press;Informasi tidak tersedia
PE288;SCOPINDO MEDIA PUSTAKA;Informasi tidak tersedia
PE288;SCOPINDO MEDIA PUSTAKA;Informasi tidak tersedia
PE288;SCOPINDO MEDIA PUSTAKA;Informasi tidak tersedia
PE289;Serambi Ilmu Semesta;Informasi tidak tersedia
PE289;Serambi Ilmu Semesta;Informasi tidak tersedia
PE290;Sinar Grafika;Informasi tidak tersedia
PE290;Sinar Grafika;Informasi tidak tersedia
PE291;SPASI MEDIA;Informasi tidak tersedia
PE291;SPASI MEDIA;Informasi tidak tersedia
PE292;Spectrum;Informasi tidak tersedia
PE293;Springer;Informasi tidak tersedia
PE293;Springer;Informasi tidak tersedia
PE294;Springer Science & Business Media;Informasi tidak tersedia
PE294;Springer Science & Business Media;Informasi tidak tersedia
PE294;Springer Science & Business Media;Informasi tidak tersedia
PE294;Springer Science & Business Media;Informasi tidak tersedia
PE294;Stefano Calicchio;Informasi tidak tersedia
PE294;Stefano Calicchio;Informasi tidak tersedia
PE295;Stiletto Book;Informasi tidak tersedia
PE296;Syiah Kuala University Press;Informasi tidak tersedia
PE296;Syiah Kuala University Press;Informasi tidak tersedia
PE296;Syiah Kuala University Press;Informasi tidak tersedia
PE297;TAZAKKA PRESS;Informasi tidak tersedia
PE298;Tempo Publishing;Informasi tidak tersedia
PE299;TOHAR MEDIA;Informasi tidak tersedia
PE300;UAD PRESS;Informasi tidak tersedia
PE301;UB Media;Informasi tidak tersedia
PE302;UGM PRESS;Informasi tidak tersedia
PE302;UGM PRESS;Informasi tidak tersedia
PE302;UGM PRESS;Informasi tidak tersedia
PE302;UGM PRESS;Informasi tidak tersedia
PE302;UGM PRESS;Informasi tidak tersedia
PE302;UGM PRESS;Informasi tidak tersedia
PE302;UGM PRESS;Informasi tidak tersedia
PE302;UGM PRESS;Informasi tidak tersedia
PE303;UMMPress;Informasi tidak tersedia
PE303;UMMPress;Informasi tidak tersedia
PE303;UMMPress;Informasi tidak tersedia
PE303;UMMPress;Informasi tidak tersedia
PE304;umsu press;Informasi tidak tersedia
PE304;umsu press;Informasi tidak tersedia
PE305;Unhas Press;Informasi tidak tersedia
PE306;UNIDA GONTOR PRESS;Informasi tidak tersedia
PE307;Unisri Press;Informasi tidak tersedia
PE308;Universitas Brawijaya Press;Informasi tidak tersedia
PE308;Universitas Brawijaya Press;Informasi tidak tersedia
PE308;Universitas Brawijaya Press;Informasi tidak tersedia
PE308;Universitas Brawijaya Press;Informasi tidak tersedia
PE308;Universitas Brawijaya Press;Informasi tidak tersedia
PE308;Universitas Brawijaya Press;Informasi tidak tersedia
PE309;Universitas Indonesia Publishing;Informasi tidak tersedia
PE309;Universitas Indonesia Publishing;Informasi tidak tersedia
PE310;UPI Press;Informasi tidak tersedia
PE311;UPT Percetakan dan Penerbitan Polinema;Informasi tidak tersedia
PE312;uwais inspirasi indonesia;Informasi tidak tersedia
PE312;Uwais Inspirasi Indonesia;Informasi tidak tersedia
PE312;uwais inspirasi indonesia;Informasi tidak tersedia
PE312;uwais inspirasi indonesia;Informasi tidak tersedia
PE312;Uwais Inspirasi Indonesia;Informasi tidak tersedia
PE312;Uwais Inspirasi Indonesia;Informasi tidak tersedia
PE312;Uwais Inspirasi Indonesia;Informasi tidak tersedia
PE312;Uwais Inspirasi Indonesia ;Informasi tidak tersedia
PE312;Uwais Inspirasi Indonesia ;Informasi tidak tersedia
PE313;VisiMedia;Informasi tidak tersedia
PE314;WINEKA MEDIA;Informasi tidak tersedia
PE315;Yayasan Bina Lentera Insan;Informasi tidak tersedia
PE316;Yayasan Penerbit Muhammad Zaini;Informasi tidak tersedia
PE317;Yayasan Pustaka Obor Indonesia;Informasi tidak tersedia
PE317;Yayasan Pustaka Obor Indonesia;Informasi tidak tersedia
PE318;Zahir Publishing;Informasi tidak tersedia
PE318;Zahir Publishing;Informasi tidak tersedia
PE319;zakimu.com;Informasi tidak tersedia
PE320;Zifatama Jawara;Informasi tidak tersedia
PE320;Zifatama Jawara;Informasi tidak tersedia
PE320;Zifatama Jawara;Informasi tidak tersedia
PE320;Zifatama Jawara;Informasi tidak tersedia
PE320;Zifatama Jawara;Informasi tidak tersedia
